<?xml version="1.0" encoding="UTF-8" standalone="yes"?>
<addon id="repository.s4bPlacenta" name="s4bPlacenta Repo" version="0.0.1" provider-name="S4B">
	<extension point="xbmc.addon.repository" name="s4bPlacenta Repository">
		<dir>
			<info compressed="false">https://raw.githubusercontent.com/noobsandnerds/modules4all/master/zips/addons.xml</info>
			<checksum>https://raw.githubusercontent.com/noobsandnerds/modules4all/master/zips/addons.xml.md5</checksum>
			<datadir zip="true">https://raw.githubusercontent.com/noobsandnerds/modules4all/master/zips/</datadir>
		</dir>
		<info compressed="false">https://raw.githubusercontent.com/s4b1692/repository.s4bPlacenta/master/zips/addons.xml</info>
		<checksum>https://raw.githubusercontent.com/s4b1692/repository.s4bPlacenta/master/zips/addons.xml.md5</checksum>
		<datadir zip="true">https://raw.githubusercontent.com/s4b1692/repository.s4bPlacenta/master/zips/</datadir>
	</extension>
	<extension point="xbmc.addon.metadata">
		<summary lang="en">s4bPlacenta Repo</summary>
		<description lang="en">S4B Repo</description>
		<genre></genre>
	</extension>
</addon>